United States of America,11,Area,2007,1000 Ha,411158.00000,Fm,agricultural_area
United States of America,11,Area,2006,1000 Ha,411060.00000,Fm,agricultural_area
United States of America,11,Area,2005,1000 Ha,412878.00000,Fm,agricultural_area
United States of America,11,Area,2004,1000 Ha,414674.00000,Fm,agricultural_area
United States of America,11,Area,2003,1000 Ha,416902.00000,Fm,agricultural_area
United States of America,11,Area,2002,1000 Ha,416067.00000,Q ,agricultural_area
United States of America,11,Area,2001,1000 Ha,414944.00000,Fm,agricultural_area
United States of America,11,Area,2000,1000 Ha,414399.00000,Fm,agricultural_area
United States of America,11,Area,1999,1000 Ha,413887.00000,Fm,agricultural_area
United States of America,11,Area,1998,1000 Ha,414588.00000,Fm,agricultural_area
United States of America,11,Area,1997,1000 Ha,414885.00000,F ,agricultural_area
United States of America,11,Area,1996,1000 Ha,416306.00000,F ,agricultural_area
United States of America,11,Area,1995,1000 Ha,420139.00000,F ,agricultural_area
United States of America,11,Area,1994,1000 Ha,421139.00000,F ,agricultural_area
United States of America,11,Area,1993,1000 Ha,422948.00000,F ,agricultural_area
United States of America,11,Area,1992,1000 Ha,425429.00000,Q ,agricultural_area
United States of America,11,Area,1991,1000 Ha,426948.00000,F ,agricultural_area
United States of America,11,Area,1990,1000 Ha,426948.00000,F ,agricultural_area
United States of America,11,Area,1989,1000 Ha,426948.00000,F ,agricultural_area
United States of America,11,Area,1988,1000 Ha,426948.00000,F ,agricultural_area
United States of America,11,Area,1987,1000 Ha,426948.00000,Q ,agricultural_area
United States of America,11,Area,1986,1000 Ha,431399.00000,Q ,agricultural_area
United States of America,11,Area,1985,1000 Ha,431399.00000,Q ,agricultural_area
United States of America,11,Area,1984,1000 Ha,431399.00000,Q ,agricultural_area
United States of America,11,Area,1983,1000 Ha,431399.00000,Q ,agricultural_area
United States of America,11,Area,1982,1000 Ha,431399.00000,Q ,agricultural_area
United States of America,11,Area,1981,1000 Ha,428163.00000,Q ,agricultural_area
United States of America,11,Area,1980,1000 Ha,428163.00000,Q ,agricultural_area
United States of America,11,Area,1979,1000 Ha,428163.00000,Q ,agricultural_area
United States of America,11,Area,1978,1000 Ha,428163.00000,Q ,agricultural_area
United States of America,11,Area,1977,1000 Ha,430331.00000,Q ,agricultural_area
United States of America,11,Area,1976,1000 Ha,430158.00000,Q ,agricultural_area
United States of America,11,Area,1975,1000 Ha,430158.00000,Q ,agricultural_area
United States of America,11,Area,1974,1000 Ha,430158.00000,Q ,agricultural_area
United States of America,11,Area,1973,1000 Ha,431200.00000,F ,agricultural_area
United States of America,11,Area,1972,1000 Ha,432300.00000,F ,agricultural_area
United States of America,11,Area,1971,1000 Ha,433300.00000,F ,agricultural_area
United States of America,11,Area,1970,1000 Ha,434400.00000,F ,agricultural_area
United States of America,11,Area,1969,1000 Ha,435447.00000,Q ,agricultural_area
United States of America,11,Area,1968,1000 Ha,435795.00000,F ,agricultural_area
United States of America,11,Area,1967,1000 Ha,435307.00000,I ,agricultural_area
United States of America,11,Area,1966,1000 Ha,435550.00000,I ,agricultural_area
United States of America,11,Area,1965,1000 Ha,435873.00000,I ,agricultural_area
United States of America,11,Area,1964,1000 Ha,439012.00000,Q ,agricultural_area
United States of America,11,Area,1963,1000 Ha,441443.00000,I ,agricultural_area
United States of America,11,Area,1962,1000 Ha,443991.00000,I ,agricultural_area
United States of America,11,Area,1961,1000 Ha,447509.00000,I ,agricultural_area
United States of America,11,Area,2007,1000 Ha,170428.00000,Fm,arable_land
United States of America,11,Area,2006,1000 Ha,170530.00000,Fm,arable_land
United States of America,11,Area,2005,1000 Ha,172448.00000,Fm,arable_land
United States of America,11,Area,2004,1000 Ha,174244.00000,Fm,arable_land
United States of America,11,Area,2003,1000 Ha,176672.00000,Fm,arable_land
United States of America,11,Area,2002,1000 Ha,175980.00000,Q ,arable_land
United States of America,11,Area,2001,1000 Ha,175400.00000,Fm,arable_land
United States of America,11,Area,2000,1000 Ha,175368.00000,Fm,arable_land
United States of America,11,Area,1999,1000 Ha,175368.00000,Fm,arable_land
United States of America,11,Area,1998,1000 Ha,176782.00000,Fm,arable_land
United States of America,11,Area,1997,1000 Ha,177592.00000,Fm,arable_land
United States of America,11,Area,1996,1000 Ha,179006.00000,Fm,arable_land
United States of America,11,Area,1995,1000 Ha,181839.00000,Fm,arable_land
United States of America,11,Area,1994,1000 Ha,181939.00000,Fm,arable_land
United States of America,11,Area,1993,1000 Ha,182748.00000,Fm,arable_land
United States of America,11,Area,1992,1000 Ha,184080.00000,Fm,arable_land
United States of America,11,Area,1991,1000 Ha,185676.00000,Fm,arable_land
United States of America,11,Area,1990,1000 Ha,185676.00000,Fm,arable_land
United States of America,11,Area,1989,1000 Ha,185726.00000,Fm,arable_land
United States of America,11,Area,1988,1000 Ha,185742.00000,F ,arable_land
United States of America,11,Area,1987,1000 Ha,185742.00000,Q ,arable_land
United States of America,11,Area,1986,1000 Ha,187765.00000,Q ,arable_land
United States of America,11,Area,1985,1000 Ha,187765.00000,Q ,arable_land
United States of America,11,Area,1984,1000 Ha,187765.00000,Q ,arable_land
United States of America,11,Area,1983,1000 Ha,187765.00000,Q ,arable_land
United States of America,11,Area,1982,1000 Ha,187765.00000,Q ,arable_land
United States of America,11,Area,1981,1000 Ha,188755.00000,Q ,arable_land
United States of America,11,Area,1980,1000 Ha,188755.00000,Q ,arable_land
United States of America,11,Area,1979,1000 Ha,188755.00000,Q ,arable_land
United States of America,11,Area,1978,1000 Ha,188755.00000,Q ,arable_land
United States of America,11,Area,1977,1000 Ha,186552.00000,Q ,arable_land
United States of America,11,Area,1976,1000 Ha,186472.00000,Q ,arable_land
United States of America,11,Area,1975,1000 Ha,186472.00000,Q ,arable_land
United States of America,11,Area,1974,1000 Ha,186472.00000,Q ,arable_land
United States of America,11,Area,1973,1000 Ha,187050.00000,F ,arable_land
United States of America,11,Area,1972,1000 Ha,187545.00000,F ,arable_land
United States of America,11,Area,1971,1000 Ha,188140.00000,F ,arable_land
United States of America,11,Area,1970,1000 Ha,188735.00000,F ,arable_land
United States of America,11,Area,1969,1000 Ha,189244.00000,Q ,arable_land
United States of America,11,Area,1968,1000 Ha,181000.00000,F ,arable_land
United States of America,11,Area,1967,1000 Ha,174487.00000,Q ,arable_land
United States of America,11,Area,1966,1000 Ha,175705.00000,Q ,arable_land
United States of America,11,Area,1965,1000 Ha,177000.00000,Q ,arable_land
United States of America,11,Area,1964,1000 Ha,177966.00000,Q ,arable_land
United States of America,11,Area,1963,1000 Ha,179574.00000,I ,arable_land
United States of America,11,Area,1962,1000 Ha,177095.00000,I ,arable_land
United States of America,11,Area,1961,1000 Ha,180630.00000,I ,arable_land
United States of America,11,Area,2007,1000 Ha,173158.00000,Fm,arable_land_and_permanent_crops
United States of America,11,Area,2006,1000 Ha,173260.00000,Fm,arable_land_and_permanent_crops
United States of America,11,Area,2005,1000 Ha,175178.00000,Fm,arable_land_and_permanent_crops
United States of America,11,Area,2004,1000 Ha,176974.00000,Fm,arable_land_and_permanent_crops
United States of America,11,Area,2003,1000 Ha,179402.00000,Fm,arable_land_and_permanent_crops
United States of America,11,Area,2002,1000 Ha,178710.00000,Q ,arable_land_and_permanent_crops
United States of America,11,Area,2001,1000 Ha,178100.00000,E ,arable_land_and_permanent_crops
United States of America,11,Area,2000,1000 Ha,178068.00000,F ,arable_land_and_permanent_crops
United States of America,11,Area,1999,1000 Ha,178068.00000,F ,arable_land_and_permanent_crops
United States of America,11,Area,1998,1000 Ha,179282.00000,F ,arable_land_and_permanent_crops
United States of America,11,Area,1997,1000 Ha,180092.00000,Q ,arable_land_and_permanent_crops
United States of America,11,Area,1996,1000 Ha,181306.00000,F ,arable_land_and_permanent_crops
United States of America,11,Area,1995,1000 Ha,184139.00000,F ,arable_land_and_permanent_crops
United States of America,11,Area,1994,1000 Ha,184139.00000,F ,arable_land_and_permanent_crops
United States of America,11,Area,1993,1000 Ha,184948.00000,F ,arable_land_and_permanent_crops
United States of America,11,Area,1992,1000 Ha,186180.00000,Q ,arable_land_and_permanent_crops
United States of America,11,Area,1991,1000 Ha,187776.00000,F ,arable_land_and_permanent_crops
United States of America,11,Area,1990,1000 Ha,187776.00000,F ,arable_land_and_permanent_crops
United States of America,11,Area,1989,1000 Ha,187776.00000,F ,arable_land_and_permanent_crops
United States of America,11,Area,1988,1000 Ha,187776.00000,F ,arable_land_and_permanent_crops
United States of America,11,Area,1987,1000 Ha,187776.00000,Q ,arable_land_and_permanent_crops
United States of America,11,Area,1986,1000 Ha,189799.00000,Q ,arable_land_and_permanent_crops
United States of America,11,Area,1985,1000 Ha,189799.00000,Q ,arable_land_and_permanent_crops
United States of America,11,Area,1984,1000 Ha,189799.00000,Q ,arable_land_and_permanent_crops
United States of America,11,Area,1983,1000 Ha,189799.00000,Q ,arable_land_and_permanent_crops
United States of America,11,Area,1982,1000 Ha,189799.00000,Q ,arable_land_and_permanent_crops
United States of America,11,Area,1981,1000 Ha,190624.00000,Q ,arable_land_and_permanent_crops
United States of America,11,Area,1980,1000 Ha,190624.00000,Q ,arable_land_and_permanent_crops
United States of America,11,Area,1979,1000 Ha,190624.00000,Q ,arable_land_and_permanent_crops
United States of America,11,Area,1978,1000 Ha,190624.00000,Q ,arable_land_and_permanent_crops
United States of America,11,Area,1977,1000 Ha,188293.00000,Q ,arable_land_and_permanent_crops
United States of America,11,Area,1976,1000 Ha,188218.00000,Q ,arable_land_and_permanent_crops
United States of America,11,Area,1975,1000 Ha,188218.00000,Q ,arable_land_and_permanent_crops
United States of America,11,Area,1974,1000 Ha,188218.00000,Q ,arable_land_and_permanent_crops
United States of America,11,Area,1973,1000 Ha,188800.00000,F ,arable_land_and_permanent_crops
United States of America,11,Area,1972,1000 Ha,189300.00000,F ,arable_land_and_permanent_crops
United States of America,11,Area,1971,1000 Ha,189900.00000,F ,arable_land_and_permanent_crops
United States of America,11,Area,1970,1000 Ha,190500.00000,F ,arable_land_and_permanent_crops
United States of America,11,Area,1969,1000 Ha,191014.00000,Q ,arable_land_and_permanent_crops
United States of America,11,Area,1968,1000 Ha,182795.00000,F ,arable_land_and_permanent_crops
United States of America,11,Area,1967,1000 Ha,176307.00000,Q ,arable_land_and_permanent_crops
United States of America,11,Area,1966,1000 Ha,177550.00000,Q ,arable_land_and_permanent_crops
United States of America,11,Area,1965,1000 Ha,178873.00000,Q ,arable_land_and_permanent_crops
United States of America,11,Area,1964,1000 Ha,179839.00000,Q ,arable_land_and_permanent_crops
United States of America,11,Area,1963,1000 Ha,181443.00000,I ,arable_land_and_permanent_crops
United States of America,11,Area,1962,1000 Ha,178991.00000,I ,arable_land_and_permanent_crops
United States of America,11,Area,1961,1000 Ha,182509.00000,I ,arable_land_and_permanent_crops
United States of America,11,Area,2007,1000 Ha,963203.00000,Fm,country_area
United States of America,11,Area,2006,1000 Ha,963203.00000,Fm,country_area
United States of America,11,Area,2005,1000 Ha,963203.00000,Q ,country_area
United States of America,11,Area,2004,1000 Ha,963203.00000,Q ,country_area
United States of America,11,Area,2003,1000 Ha,963203.00000,Q ,country_area
United States of America,11,Area,2002,1000 Ha,963203.00000,Q ,country_area
United States of America,11,Area,2001,1000 Ha,963203.00000,Q ,country_area
United States of America,11,Area,2000,1000 Ha,963203.00000,Q ,country_area
United States of America,11,Area,1999,1000 Ha,962909.00000,Q ,country_area
United States of America,11,Area,1998,1000 Ha,962909.00000,Q ,country_area
United States of America,11,Area,1997,1000 Ha,962909.00000,Q ,country_area
United States of America,11,Area,1996,1000 Ha,962909.00000,Q ,country_area
United States of America,11,Area,1995,1000 Ha,962909.00000,Q ,country_area
United States of America,11,Area,1994,1000 Ha,962909.00000,Q ,country_area
United States of America,11,Area,1993,1000 Ha,962909.00000,Q ,country_area
United States of America,11,Area,1992,1000 Ha,962909.00000,Q ,country_area
United States of America,11,Area,1991,1000 Ha,962909.00000,Q ,country_area
United States of America,11,Area,1990,1000 Ha,962909.00000,Q ,country_area
United States of America,11,Area,1989,1000 Ha,962909.00000,Q ,country_area
United States of America,11,Area,1988,1000 Ha,962909.00000,Q ,country_area
United States of America,11,Area,1987,1000 Ha,962909.00000,Q ,country_area
United States of America,11,Area,1986,1000 Ha,962909.00000,Q ,country_area
United States of America,11,Area,1985,1000 Ha,962909.00000,Q ,country_area
United States of America,11,Area,1984,1000 Ha,962909.00000,Q ,country_area
United States of America,11,Area,1983,1000 Ha,962909.00000,Q ,country_area
United States of America,11,Area,1982,1000 Ha,962909.00000,Q ,country_area
United States of America,11,Area,1981,1000 Ha,962909.00000,Q ,country_area
United States of America,11,Area,1980,1000 Ha,962909.00000,Q ,country_area
United States of America,11,Area,1979,1000 Ha,962909.00000,Q ,country_area
United States of America,11,Area,1978,1000 Ha,962909.00000,Q ,country_area
United States of America,11,Area,1977,1000 Ha,962909.00000,Q ,country_area
United States of America,11,Area,1976,1000 Ha,962909.00000,Q ,country_area
United States of America,11,Area,1975,1000 Ha,962909.00000,Q ,country_area
United States of America,11,Area,1974,1000 Ha,962909.00000,Q ,country_area
United States of America,11,Area,1973,1000 Ha,962909.00000,Q ,country_area
United States of America,11,Area,1972,1000 Ha,962909.00000,Q ,country_area
United States of America,11,Area,1971,1000 Ha,962909.00000,Q ,country_area
United States of America,11,Area,1970,1000 Ha,962909.00000,Q ,country_area
United States of America,11,Area,1969,1000 Ha,962909.00000,Q ,country_area
United States of America,11,Area,1968,1000 Ha,962909.00000,Q ,country_area
United States of America,11,Area,1967,1000 Ha,962909.00000,Q ,country_area
United States of America,11,Area,1966,1000 Ha,962909.00000,Q ,country_area
United States of America,11,Area,1965,1000 Ha,962909.00000,Q ,country_area
United States of America,11,Area,1964,1000 Ha,962909.00000,Q ,country_area
United States of America,11,Area,1963,1000 Ha,962909.00000,Q ,country_area
United States of America,11,Area,1962,1000 Ha,962909.00000,Q ,country_area
United States of America,11,Area,1961,1000 Ha,962909.00000,Q ,country_area
United States of America,11,Area,2002,1000 Ha,16094.00000,Q ,fallow_land
United States of America,11,Area,2007,1000 Ha,303407.00000,Fm,forest_area
United States of America,11,Area,2006,1000 Ha,303248.00000,Fm,forest_area
United States of America,11,Area,2005,1000 Ha,303089.00000,Q ,forest_area
United States of America,11,Area,2004,1000 Ha,302930.00000,Fm,forest_area
United States of America,11,Area,2003,1000 Ha,302771.00000,Fm,forest_area
United States of America,11,Area,2002,1000 Ha,302612.00000,Fm,forest_area
United States of America,11,Area,2001,1000 Ha,302453.00000,Fm,forest_area
United States of America,11,Area,2000,1000 Ha,302294.00000,Q ,forest_area
United States of America,11,Area,1999,1000 Ha,301929.40000,Fm,forest_area
United States of America,11,Area,1998,1000 Ha,301564.80000,Fm,forest_area
United States of America,11,Area,1997,1000 Ha,301200.20000,Fm,forest_area
United States of America,11,Area,1996,1000 Ha,300835.60000,Fm,forest_area
United States of America,11,Area,1995,1000 Ha,300471.00000,Fm,forest_area
United States of America,11,Area,1994,1000 Ha,300106.40000,Fm,forest_area
United States of America,11,Area,1993,1000 Ha,299741.80000,Fm,forest_area
United States of America,11,Area,1992,1000 Ha,299377.20000,Fm,forest_area
United States of America,11,Area,1991,1000 Ha,299012.60000,Fm,forest_area
United States of America,11,Area,1990,1000 Ha,298648.00000,Q ,forest_area
United States of America,11,Area,2007,1000 Ha,47011.00000,Fm,inland_water
United States of America,11,Area,2006,1000 Ha,47011.00000,Fm,inland_water
United States of America,11,Area,2005,1000 Ha,47011.00000,Fm,inland_water
United States of America,11,Area,2004,1000 Ha,47011.00000,Fm,inland_water
United States of America,11,Area,2003,1000 Ha,47011.00000,Fm,inland_water
United States of America,11,Area,2002,1000 Ha,47011.00000,Fm,inland_water
United States of America,11,Area,2001,1000 Ha,47011.00000,Fm,inland_water
United States of America,11,Area,2000,1000 Ha,47011.00000,Fm,inland_water
United States of America,11,Area,1999,1000 Ha,47013.00000,Fm,inland_water
United States of America,11,Area,1998,1000 Ha,47013.00000,Fm,inland_water
United States of America,11,Area,1997,1000 Ha,47013.00000,Fm,inland_water
United States of America,11,Area,1996,1000 Ha,47013.00000,Fm,inland_water
United States of America,11,Area,1995,1000 Ha,47013.00000,Fm,inland_water
United States of America,11,Area,1994,1000 Ha,47013.00000,Fm,inland_water
United States of America,11,Area,1993,1000 Ha,47013.00000,Fm,inland_water
United States of America,11,Area,1992,1000 Ha,47013.00000,Fm,inland_water
United States of America,11,Area,1991,1000 Ha,47013.00000,Fm,inland_water
United States of America,11,Area,1990,1000 Ha,47013.00000,Fm,inland_water
United States of America,11,Area,1989,1000 Ha,47013.00000,Fm,inland_water
United States of America,11,Area,1988,1000 Ha,47013.00000,Fm,inland_water
United States of America,11,Area,1987,1000 Ha,47013.00000,Fm,inland_water
United States of America,11,Area,1986,1000 Ha,47013.00000,Fm,inland_water
United States of America,11,Area,1985,1000 Ha,47013.00000,Fm,inland_water
United States of America,11,Area,1984,1000 Ha,47013.00000,Fm,inland_water
United States of America,11,Area,1983,1000 Ha,47013.00000,Fm,inland_water
United States of America,11,Area,1982,1000 Ha,47013.00000,Fm,inland_water
United States of America,11,Area,1981,1000 Ha,47013.00000,Fm,inland_water
United States of America,11,Area,1980,1000 Ha,47013.00000,Fm,inland_water
United States of America,11,Area,1979,1000 Ha,47013.00000,Fm,inland_water
United States of America,11,Area,1978,1000 Ha,47013.00000,Fm,inland_water
United States of America,11,Area,1977,1000 Ha,47013.00000,Fm,inland_water
United States of America,11,Area,1976,1000 Ha,47013.00000,Fm,inland_water
United States of America,11,Area,1975,1000 Ha,47013.00000,Fm,inland_water
United States of America,11,Area,1974,1000 Ha,47013.00000,Fm,inland_water
United States of America,11,Area,1973,1000 Ha,47013.00000,Fm,inland_water
United States of America,11,Area,1972,1000 Ha,47013.00000,Fm,inland_water
United States of America,11,Area,1971,1000 Ha,47013.00000,Fm,inland_water
United States of America,11,Area,1970,1000 Ha,47013.00000,Fm,inland_water
United States of America,11,Area,1969,1000 Ha,47013.00000,Fm,inland_water
United States of America,11,Area,1968,1000 Ha,47013.00000,Fm,inland_water
United States of America,11,Area,1967,1000 Ha,47013.00000,Fm,inland_water
United States of America,11,Area,1966,1000 Ha,47013.00000,Fm,inland_water
United States of America,11,Area,1965,1000 Ha,47013.00000,Fm,inland_water
United States of America,11,Area,1964,1000 Ha,47013.00000,Fm,inland_water
United States of America,11,Area,1963,1000 Ha,47013.00000,Fm,inland_water
United States of America,11,Area,1962,1000 Ha,47013.00000,Fm,inland_water
United States of America,11,Area,1961,1000 Ha,47013.00000,Fm,inland_water
United States of America,11,Area,2007,1000 Ha,916192.00000,Fm,land_area
United States of America,11,Area,2006,1000 Ha,916192.00000,Fm,land_area
United States of America,11,Area,2005,1000 Ha,916192.00000,Q ,land_area
United States of America,11,Area,2004,1000 Ha,916192.00000,Q ,land_area
United States of America,11,Area,2003,1000 Ha,916192.00000,Q ,land_area
United States of America,11,Area,2002,1000 Ha,916192.00000,Q ,land_area
United States of America,11,Area,2001,1000 Ha,916192.00000,Q ,land_area
United States of America,11,Area,2000,1000 Ha,916192.00000,Q ,land_area
United States of America,11,Area,1999,1000 Ha,915896.00000,Q ,land_area
United States of America,11,Area,1998,1000 Ha,915896.00000,Q ,land_area
United States of America,11,Area,1997,1000 Ha,915896.00000,Q ,land_area
United States of America,11,Area,1996,1000 Ha,915896.00000,Q ,land_area
United States of America,11,Area,1995,1000 Ha,915896.00000,Q ,land_area
United States of America,11,Area,1994,1000 Ha,915896.00000,Q ,land_area
United States of America,11,Area,1993,1000 Ha,915896.00000,Q ,land_area
United States of America,11,Area,1992,1000 Ha,915896.00000,Q ,land_area
United States of America,11,Area,1991,1000 Ha,915896.00000,Q ,land_area
United States of America,11,Area,1990,1000 Ha,915896.00000,Q ,land_area
United States of America,11,Area,1989,1000 Ha,915896.00000,Q ,land_area
United States of America,11,Area,1988,1000 Ha,915896.00000,Q ,land_area
United States of America,11,Area,1987,1000 Ha,915896.00000,Q ,land_area
United States of America,11,Area,1986,1000 Ha,915896.00000,Q ,land_area
United States of America,11,Area,1985,1000 Ha,915896.00000,Q ,land_area
United States of America,11,Area,1984,1000 Ha,915896.00000,Q ,land_area
United States of America,11,Area,1983,1000 Ha,915896.00000,Q ,land_area
United States of America,11,Area,1982,1000 Ha,915896.00000,Q ,land_area
United States of America,11,Area,1981,1000 Ha,915896.00000,Q ,land_area
United States of America,11,Area,1980,1000 Ha,915896.00000,Q ,land_area
United States of America,11,Area,1979,1000 Ha,915896.00000,Q ,land_area
United States of America,11,Area,1978,1000 Ha,915896.00000,Q ,land_area
United States of America,11,Area,1977,1000 Ha,915896.00000,Q ,land_area
United States of America,11,Area,1976,1000 Ha,915896.00000,Q ,land_area
United States of America,11,Area,1975,1000 Ha,915896.00000,Q ,land_area
United States of America,11,Area,1974,1000 Ha,915896.00000,Q ,land_area
United States of America,11,Area,1973,1000 Ha,915896.00000,Q ,land_area
United States of America,11,Area,1972,1000 Ha,915896.00000,Q ,land_area
United States of America,11,Area,1971,1000 Ha,915896.00000,Q ,land_area
United States of America,11,Area,1970,1000 Ha,915896.00000,Q ,land_area
United States of America,11,Area,1969,1000 Ha,915896.00000,Q ,land_area
United States of America,11,Area,1968,1000 Ha,915896.00000,Q ,land_area
United States of America,11,Area,1967,1000 Ha,915896.00000,Q ,land_area
United States of America,11,Area,1966,1000 Ha,915896.00000,Q ,land_area
United States of America,11,Area,1965,1000 Ha,915896.00000,Q ,land_area
United States of America,11,Area,1964,1000 Ha,915896.00000,Q ,land_area
United States of America,11,Area,1963,1000 Ha,915896.00000,Q ,land_area
United States of America,11,Area,1962,1000 Ha,915896.00000,Q ,land_area
United States of America,11,Area,1961,1000 Ha,915896.00000,Q ,land_area
United States of America,11,Area,2007,1000 Ha,201627.00000,Fm,other_land
United States of America,11,Area,2006,1000 Ha,201884.00000,Fm,other_land
United States of America,11,Area,2005,1000 Ha,200225.00000,Fm,other_land
United States of America,11,Area,2004,1000 Ha,198588.00000,Fm,other_land
United States of America,11,Area,2003,1000 Ha,196519.00000,Fm,other_land
United States of America,11,Area,2002,1000 Ha,197513.00000,Fm,other_land
United States of America,11,Area,2001,1000 Ha,198795.00000,Fm,other_land
United States of America,11,Area,2000,1000 Ha,199499.00000,Fm,other_land
United States of America,11,Area,1999,1000 Ha,200079.60000,Fm,other_land
United States of America,11,Area,1998,1000 Ha,199743.20000,Fm,other_land
United States of America,11,Area,1997,1000 Ha,199810.80000,Fm,other_land
United States of America,11,Area,1996,1000 Ha,198754.40000,Fm,other_land
United States of America,11,Area,1995,1000 Ha,195286.00000,Fm,other_land
United States of America,11,Area,1994,1000 Ha,194650.60000,Fm,other_land
United States of America,11,Area,1993,1000 Ha,193206.20000,Fm,other_land
United States of America,11,Area,1992,1000 Ha,191089.80000,Fm,other_land
United States of America,11,Area,1991,1000 Ha,189935.40000,Fm,other_land
United States of America,11,Area,1990,1000 Ha,190300.00000,Fm,other_land
United States of America,11,Area,2007,1000 Ha,2730.00000,Fm,permanent_crops
United States of America,11,Area,2006,1000 Ha,2730.00000,Fm,permanent_crops
United States of America,11,Area,2005,1000 Ha,2730.00000,Fm,permanent_crops
United States of America,11,Area,2004,1000 Ha,2730.00000,E ,permanent_crops
United States of America,11,Area,2003,1000 Ha,2730.00000,E ,permanent_crops
United States of America,11,Area,2002,1000 Ha,2730.00000,Q ,permanent_crops
United States of America,11,Area,2001,1000 Ha,2700.00000,E ,permanent_crops
United States of America,11,Area,2000,1000 Ha,2700.00000,E ,permanent_crops
United States of America,11,Area,1999,1000 Ha,2700.00000,E ,permanent_crops
United States of America,11,Area,1998,1000 Ha,2500.00000,E ,permanent_crops
United States of America,11,Area,1997,1000 Ha,2500.00000,E ,permanent_crops
United States of America,11,Area,1996,1000 Ha,2300.00000,E ,permanent_crops
United States of America,11,Area,1995,1000 Ha,2300.00000,E ,permanent_crops
United States of America,11,Area,1994,1000 Ha,2200.00000,E ,permanent_crops
United States of America,11,Area,1993,1000 Ha,2200.00000,E ,permanent_crops
United States of America,11,Area,1992,1000 Ha,2100.00000,E ,permanent_crops
United States of America,11,Area,1991,1000 Ha,2100.00000,E ,permanent_crops
United States of America,11,Area,1990,1000 Ha,2100.00000,E ,permanent_crops
United States of America,11,Area,1989,1000 Ha,2050.00000,E ,permanent_crops
United States of America,11,Area,1988,1000 Ha,2034.00000,Q ,permanent_crops
United States of America,11,Area,1987,1000 Ha,2034.00000,Q ,permanent_crops
United States of America,11,Area,1986,1000 Ha,2034.00000,Q ,permanent_crops
United States of America,11,Area,1985,1000 Ha,2034.00000,Q ,permanent_crops
United States of America,11,Area,1984,1000 Ha,2034.00000,Q ,permanent_crops
United States of America,11,Area,1983,1000 Ha,2034.00000,Q ,permanent_crops
United States of America,11,Area,1982,1000 Ha,2034.00000,Q ,permanent_crops
United States of America,11,Area,1981,1000 Ha,1869.00000,Q ,permanent_crops
United States of America,11,Area,1980,1000 Ha,1869.00000,Q ,permanent_crops
United States of America,11,Area,1979,1000 Ha,1869.00000,Q ,permanent_crops
United States of America,11,Area,1978,1000 Ha,1869.00000,Q ,permanent_crops
United States of America,11,Area,1977,1000 Ha,1741.00000,Q ,permanent_crops
United States of America,11,Area,1976,1000 Ha,1746.00000,Q ,permanent_crops
United States of America,11,Area,1975,1000 Ha,1746.00000,Q ,permanent_crops
United States of America,11,Area,1974,1000 Ha,1746.00000,Q ,permanent_crops
United States of America,11,Area,1973,1000 Ha,1750.00000,F ,permanent_crops
United States of America,11,Area,1972,1000 Ha,1755.00000,F ,permanent_crops
United States of America,11,Area,1971,1000 Ha,1760.00000,F ,permanent_crops
United States of America,11,Area,1970,1000 Ha,1765.00000,F ,permanent_crops
United States of America,11,Area,1969,1000 Ha,1770.00000,Q ,permanent_crops
United States of America,11,Area,1968,1000 Ha,1795.00000,F ,permanent_crops
United States of America,11,Area,1967,1000 Ha,1820.00000,F ,permanent_crops
United States of America,11,Area,1966,1000 Ha,1845.00000,F ,permanent_crops
United States of America,11,Area,1965,1000 Ha,1873.00000,Q ,permanent_crops
United States of America,11,Area,1964,1000 Ha,1873.00000,Q ,permanent_crops
United States of America,11,Area,1963,1000 Ha,1869.00000,I ,permanent_crops
United States of America,11,Area,1962,1000 Ha,1896.00000,I ,permanent_crops
United States of America,11,Area,1961,1000 Ha,1879.00000,I ,permanent_crops
United States of America,11,Area,2007,1000 Ha,238000.00000,Fm,permanent_meadows_and_pastures
United States of America,11,Area,2006,1000 Ha,237800.00000,Fm,permanent_meadows_and_pastures
United States of America,11,Area,2005,1000 Ha,237700.00000,Fm,permanent_meadows_and_pastures
United States of America,11,Area,2004,1000 Ha,237700.00000,E ,permanent_meadows_and_pastures
United States of America,11,Area,2003,1000 Ha,237500.00000,E ,permanent_meadows_and_pastures
United States of America,11,Area,2002,1000 Ha,237357.00000,Q ,permanent_meadows_and_pastures
United States of America,11,Area,2001,1000 Ha,236844.00000,Fm,permanent_meadows_and_pastures
United States of America,11,Area,2000,1000 Ha,236331.00000,Fm,permanent_meadows_and_pastures
United States of America,11,Area,1999,1000 Ha,235819.00000,Fm,permanent_meadows_and_pastures
United States of America,11,Area,1998,1000 Ha,235306.00000,Fm,permanent_meadows_and_pastures
United States of America,11,Area,1997,1000 Ha,234793.00000,Q ,permanent_meadows_and_pastures
United States of America,11,Area,1996,1000 Ha,235000.00000,F ,permanent_meadows_and_pastures
United States of America,11,Area,1995,1000 Ha,236000.00000,F ,permanent_meadows_and_pastures
United States of America,11,Area,1994,1000 Ha,237000.00000,F ,permanent_meadows_and_pastures
United States of America,11,Area,1993,1000 Ha,238000.00000,F ,permanent_meadows_and_pastures
United States of America,11,Area,1992,1000 Ha,239249.00000,Q ,permanent_meadows_and_pastures
United States of America,11,Area,1991,1000 Ha,239172.00000,F ,permanent_meadows_and_pastures
United States of America,11,Area,1990,1000 Ha,239172.00000,F ,permanent_meadows_and_pastures
United States of America,11,Area,1989,1000 Ha,239172.00000,F ,permanent_meadows_and_pastures
United States of America,11,Area,1988,1000 Ha,239172.00000,F ,permanent_meadows_and_pastures
United States of America,11,Area,1987,1000 Ha,239172.00000,Q ,permanent_meadows_and_pastures
United States of America,11,Area,1986,1000 Ha,241600.00000,Q ,permanent_meadows_and_pastures
United States of America,11,Area,1985,1000 Ha,241600.00000,Q ,permanent_meadows_and_pastures
United States of America,11,Area,1984,1000 Ha,241600.00000,Q ,permanent_meadows_and_pastures
United States of America,11,Area,1983,1000 Ha,241600.00000,Q ,permanent_meadows_and_pastures
United States of America,11,Area,1982,1000 Ha,241600.00000,Q ,permanent_meadows_and_pastures
United States of America,11,Area,1981,1000 Ha,237539.00000,Q ,permanent_meadows_and_pastures
United States of America,11,Area,1980,1000 Ha,237539.00000,Q ,permanent_meadows_and_pastures
United States of America,11,Area,1979,1000 Ha,237539.00000,Q ,permanent_meadows_and_pastures
United States of America,11,Area,1978,1000 Ha,237539.00000,Q ,permanent_meadows_and_pastures
United States of America,11,Area,1977,1000 Ha,242038.00000,Q ,permanent_meadows_and_pastures
United States of America,11,Area,1976,1000 Ha,241940.00000,Q ,permanent_meadows_and_pastures
United States of America,11,Area,1975,1000 Ha,241940.00000,Q ,permanent_meadows_and_pastures
United States of America,11,Area,1974,1000 Ha,241940.00000,Q ,permanent_meadows_and_pastures
United States of America,11,Area,1973,1000 Ha,242400.00000,F ,permanent_meadows_and_pastures
United States of America,11,Area,1972,1000 Ha,243000.00000,F ,permanent_meadows_and_pastures
United States of America,11,Area,1971,1000 Ha,243400.00000,F ,permanent_meadows_and_pastures
United States of America,11,Area,1970,1000 Ha,243900.00000,F ,permanent_meadows_and_pastures
United States of America,11,Area,1969,1000 Ha,244433.00000,Q ,permanent_meadows_and_pastures
United States of America,11,Area,1968,1000 Ha,253000.00000,I ,permanent_meadows_and_pastures
United States of America,11,Area,1967,1000 Ha,259000.00000,I ,permanent_meadows_and_pastures
United States of America,11,Area,1966,1000 Ha,258000.00000,I ,permanent_meadows_and_pastures
United States of America,11,Area,1965,1000 Ha,257000.00000,I ,permanent_meadows_and_pastures
United States of America,11,Area,1964,1000 Ha,259173.00000,Q ,permanent_meadows_and_pastures
United States of America,11,Area,1963,1000 Ha,260000.00000,I ,permanent_meadows_and_pastures
United States of America,11,Area,1962,1000 Ha,265000.00000,I ,permanent_meadows_and_pastures
United States of America,11,Area,1961,1000 Ha,265000.00000,I ,permanent_meadows_and_pastures
United States of America,11,Area,2005,1000 Ha,133448.00000,Q ,temporary_crops
United States of America,11,Area,2004,1000 Ha,133244.00000,Q ,temporary_crops
United States of America,11,Area,2003,1000 Ha,135672.00000,Q ,temporary_crops
United States of America,11,Area,2002,1000 Ha,134863.00000,Q ,temporary_crops
United States of America,11,Area,2002,1000 Ha,25023.00000,Q ,temporary_meadows_and_pastures
United States of America,11,Area,2007,1000 Ha,22905.60000,W ,total_area_equipped_for_irrigation
United States of America,11,Area,2006,1000 Ha,22700.00000,Fm,total_area_equipped_for_irrigation
United States of America,11,Area,2005,1000 Ha,22385.00000,Fm,total_area_equipped_for_irrigation
United States of America,11,Area,2004,1000 Ha,22385.00000,E ,total_area_equipped_for_irrigation
United States of America,11,Area,2003,1000 Ha,22385.00000,E ,total_area_equipped_for_irrigation
United States of America,11,Area,2002,1000 Ha,22384.00000,Q ,total_area_equipped_for_irrigation
United States of America,11,Area,2001,1000 Ha,22464.00000,F ,total_area_equipped_for_irrigation
United States of America,11,Area,2000,1000 Ha,22543.00000,F ,total_area_equipped_for_irrigation
United States of America,11,Area,1999,1000 Ha,22622.00000,F ,total_area_equipped_for_irrigation
United States of America,11,Area,1998,1000 Ha,22701.00000,F ,total_area_equipped_for_irrigation
United States of America,11,Area,1997,1000 Ha,22780.00000,Q ,total_area_equipped_for_irrigation
United States of America,11,Area,1996,1000 Ha,22000.00000,F ,total_area_equipped_for_irrigation
United States of America,11,Area,1995,1000 Ha,21800.00000,F ,total_area_equipped_for_irrigation
United States of America,11,Area,1994,1000 Ha,21700.00000,F ,total_area_equipped_for_irrigation
United States of America,11,Area,1993,1000 Ha,21500.00000,F ,total_area_equipped_for_irrigation
United States of America,11,Area,1992,1000 Ha,21400.00000,Q ,total_area_equipped_for_irrigation
United States of America,11,Area,1991,1000 Ha,20900.00000,Q ,total_area_equipped_for_irrigation
United States of America,11,Area,1990,1000 Ha,20900.00000,Q ,total_area_equipped_for_irrigation
United States of America,11,Area,1989,1000 Ha,20600.00000,Q ,total_area_equipped_for_irrigation
United States of America,11,Area,1988,1000 Ha,19700.00000,Q ,total_area_equipped_for_irrigation
United States of America,11,Area,1987,1000 Ha,18771.00000,Q ,total_area_equipped_for_irrigation
United States of America,11,Area,1986,1000 Ha,19831.00000,Q ,total_area_equipped_for_irrigation
United States of America,11,Area,1985,1000 Ha,19831.00000,Q ,total_area_equipped_for_irrigation
United States of America,11,Area,1984,1000 Ha,20200.00000,Q ,total_area_equipped_for_irrigation
United States of America,11,Area,1983,1000 Ha,19831.00000,Q ,total_area_equipped_for_irrigation
United States of America,11,Area,1982,1000 Ha,19831.00000,Q ,total_area_equipped_for_irrigation
United States of America,11,Area,1981,1000 Ha,20582.00000,Q ,total_area_equipped_for_irrigation
United States of America,11,Area,1980,1000 Ha,20582.00000,Q ,total_area_equipped_for_irrigation
United States of America,11,Area,1979,1000 Ha,20582.00000,Q ,total_area_equipped_for_irrigation
United States of America,11,Area,1978,1000 Ha,20375.00000,Q ,total_area_equipped_for_irrigation
United States of America,11,Area,1977,1000 Ha,16697.00000,Q ,total_area_equipped_for_irrigation
United States of America,11,Area,1976,1000 Ha,16690.00000,Q ,total_area_equipped_for_irrigation
United States of America,11,Area,1975,1000 Ha,16690.00000,Q ,total_area_equipped_for_irrigation
United States of America,11,Area,1974,1000 Ha,16690.00000,Q ,total_area_equipped_for_irrigation
United States of America,11,Area,1973,1000 Ha,16510.00000,F ,total_area_equipped_for_irrigation
United States of America,11,Area,1972,1000 Ha,16340.00000,F ,total_area_equipped_for_irrigation
United States of America,11,Area,1971,1000 Ha,16170.00000,F ,total_area_equipped_for_irrigation
United States of America,11,Area,1970,1000 Ha,16000.00000,F ,total_area_equipped_for_irrigation
United States of America,11,Area,1969,1000 Ha,15836.00000,Q ,total_area_equipped_for_irrigation
United States of America,11,Area,1968,1000 Ha,15700.00000,F ,total_area_equipped_for_irrigation
United States of America,11,Area,1967,1000 Ha,15500.00000,F ,total_area_equipped_for_irrigation
United States of America,11,Area,1966,1000 Ha,15300.00000,F ,total_area_equipped_for_irrigation
United States of America,11,Area,1965,1000 Ha,15200.00000,F ,total_area_equipped_for_irrigation
United States of America,11,Area,1964,1000 Ha,14996.00000,Q ,total_area_equipped_for_irrigation
United States of America,11,Area,1963,1000 Ha,14700.00000,F ,total_area_equipped_for_irrigation
United States of America,11,Area,1962,1000 Ha,14400.00000,F ,total_area_equipped_for_irrigation
United States of America,11,Area,1961,1000 Ha,14000.00000,F ,total_area_equipped_for_irrigation
